{
  "consistency": {
    "objective_values": [
      3523.9100000000008,
      3523.9100000000008,
      3523.9100000000008,
      3523.9100000000008,
      3523.9100000000008
    ],
    "scheduling_efficiency": [
      0.9333333333333333,
      0.9333333333333333,
      0.9333333333333333,
      0.9333333333333333,
      0.9333333333333333
    ],
    "total_delays": [
      0,
      0,
      0,
      0,
      0
    ],
    "convergence_times": [
      1.0011122226715088,
      0.9686996936798096,
      1.125375509262085,
      0.950446367263794,
      1.0415029525756836
    ],
    "solution_assignments": [
      [
        "02423",
        "02424",
        "02435",
        "02436",
        "02779",
        "03686",
        "04728",
        "06002",
        "06005",
        "06006",
        "06007",
        "06008",
        "06009",
        "06011",
        "06621",
        "06622",
        "08055",
        "09002",
        "09021",
        "09022",
        "09621",
        "09622",
        "09721",
        "09724",
        "12004",
        "12101",
        "12102",
        "12103",
        "12104",
        "12107",
        "12108",
        "12110",
        "12118",
        "12122",
        "12189",
        "12217",
        "12218",
        "12235",
        "12236",
        "12302",
        "12305",
        "12306",
        "12309",
        "12314",
        "12329",
        "12330",
        "12423",
        "12445",
        "12447",
        "12448",
        "12449",
        "12450",
        "12464",
        "12501",
        "12502",
        "12565"
      ],
      [
        "02423",
        "02424",
        "02435",
        "02436",
        "02779",
        "03686",
        "04728",
        "06002",
        "06005",
        "06006",
        "06007",
        "06008",
        "06009",
        "06011",
        "06621",
        "06622",
        "08055",
        "09002",
        "09021",
        "09022",
        "09621",
        "09622",
        "09721",
        "09724",
        "12004",
        "12101",
        "12102",
        "12103",
        "12104",
        "12107",
        "12108",
        "12110",
        "12118",
        "12122",
        "12189",
        "12217",
        "12218",
        "12235",
        "12236",
        "12302",
        "12305",
        "12306",
        "12309",
        "12314",
        "12329",
        "12330",
        "12423",
        "12445",
        "12447",
        "12448",
        "12449",
        "12450",
        "12464",
        "12501",
        "12502",
        "12565"
      ],
      [
        "02423",
        "02424",
        "02435",
        "02436",
        "02779",
        "03686",
        "04728",
        "06002",
        "06005",
        "06006",
        "06007",
        "06008",
        "06009",
        "06011",
        "06621",
        "06622",
        "08055",
        "09002",
        "09021",
        "09022",
        "09621",
        "09622",
        "09721",
        "09724",
        "12004",
        "12101",
        "12102",
        "12103",
        "12104",
        "12107",
        "12108",
        "12110",
        "12118",
        "12122",
        "12189",
        "12217",
        "12218",
        "12235",
        "12236",
        "12302",
        "12305",
        "12306",
        "12309",
        "12314",
        "12329",
        "12330",
        "12423",
        "12445",
        "12447",
        "12448",
        "12449",
        "12450",
        "12464",
        "12501",
        "12502",
        "12565"
      ],
      [
        "02423",
        "02424",
        "02435",
        "02436",
        "02779",
        "03686",
        "04728",
        "06002",
        "06005",
        "06006",
        "06007",
        "06008",
        "06009",
        "06011",
        "06621",
        "06622",
        "08055",
        "09002",
        "09021",
        "09022",
        "09621",
        "09622",
        "09721",
        "09724",
        "12004",
        "12101",
        "12102",
        "12103",
        "12104",
        "12107",
        "12108",
        "12110",
        "12118",
        "12122",
        "12189",
        "12217",
        "12218",
        "12235",
        "12236",
        "12302",
        "12305",
        "12306",
        "12309",
        "12314",
        "12329",
        "12330",
        "12423",
        "12445",
        "12447",
        "12448",
        "12449",
        "12450",
        "12464",
        "12501",
        "12502",
        "12565"
      ],
      [
        "02423",
        "02424",
        "02435",
        "02436",
        "02779",
        "03686",
        "04728",
        "06002",
        "06005",
        "06006",
        "06007",
        "06008",
        "06009",
        "06011",
        "06621",
        "06622",
        "08055",
        "09002",
        "09021",
        "09022",
        "09621",
        "09622",
        "09721",
        "09724",
        "12004",
        "12101",
        "12102",
        "12103",
        "12104",
        "12107",
        "12108",
        "12110",
        "12118",
        "12122",
        "12189",
        "12217",
        "12218",
        "12235",
        "12236",
        "12302",
        "12305",
        "12306",
        "12309",
        "12314",
        "12329",
        "12330",
        "12423",
        "12445",
        "12447",
        "12448",
        "12449",
        "12450",
        "12464",
        "12501",
        "12502",
        "12565"
      ]
    ],
    "high_priority_scheduled": [
      12,
      12,
      12,
      12,
      12
    ]
  },
  "adversarial": {
    "rush_hour": {
      "success": true,
      "efficiency": 0.6111111111111112,
      "delay": 0
    },
    "cascade_failure": {
      "success": true,
      "efficiency": 0.975,
      "resilience": "HIGH"
    },
    "resource_scarcity": {
      "success": false,
      "efficiency": 0,
      "adaptation": "POOR"
    },
    "geographic_clustering": {
      "success": false,
      "efficiency": 0,
      "clustering_tolerance": "LOW"
    }
  },
  "scale": {
    "30": {
      "success": true,
      "efficiency": 1.0,
      "delay": 0,
      "solve_time": 0.36130619049072266,
      "scenario": "Baseline"
    },
    "60": {
      "success": true,
      "efficiency": 0.9333333333333333,
      "delay": 0,
      "solve_time": 0.992807149887085,
      "scenario": "2x Scale"
    },
    "90": {
      "success": false,
      "efficiency": 0,
      "delay": Infinity,
      "solve_time": 1.9045231342315674,
      "scenario": "3x Scale"
    },
    "120": {
      "success": false,
      "efficiency": 0,
      "delay": Infinity,
      "solve_time": 2.7483129501342773,
      "scenario": "4x Scale"
    },
    "150": {
      "success": false,
      "efficiency": 0,
      "delay": Infinity,
      "solve_time": 4.157130718231201,
      "scenario": "5x Scale"
    },
    "200": {
      "success": false,
      "efficiency": 0,
      "delay": Infinity,
      "solve_time": 6.42567777633667,
      "scenario": "Breaking Point Test"
    }
  },
  "constraint_violations": {
    "platform_overload": {
      "success": false,
      "efficiency": 0,
      "resolution": "IMPOSSIBLE"
    },
    "impossible_schedules": {
      "success": true,
      "validation": "POOR"
    },
    "priority_conflicts": {
      "success": false,
      "scheduled_count": 0,
      "prioritization": "FAILED"
    }
  }
}